Total JSON Count;Batch Size;Repeat;Batch Count;Transaction Count;Total Gas Used;Merkle Build Total Time (s);Blockchain Registration Total Time (s);Total Pipeline Time (s)
2229;10;1;223;223;4944876;0.004403600000387087;6.701285100000405;6.705688700000792
2229;10;2;223;223;4944876;0.0044903000002705085;6.2978203000002395;6.30231060000051
2229;10;3;223;223;4944876;0.005378300000302261;5.943699299999935;5.949077600000237
2229;10;4;223;223;4944876;0.005258199999843782;5.896773200000098;5.902031399999942
2229;10;5;223;223;4944876;0.00524120000000039;5.973153799999636;5.978394999999637
2229;50;1;45;45;997860;0.0050031000000672066;1.289710400000331;1.2947135000003982
2229;50;2;45;45;997860;0.004702400000041962;1.2046008000002075;1.2093032000002495
2229;50;3;45;45;997860;0.0038286999997581006;1.345810799999981;1.3496394999997392
2229;50;4;45;45;997860;0.00645329999997557;1.2497112000000925;1.256164500000068
2229;50;5;45;45;997860;0.005147899999883521;1.2472044999999525;1.252352399999836
2229;100;1;23;23;510012;0.004853599999933067;0.6250480999997308;0.6299016999996638
2229;100;2;23;23;510012;0.004459199999928387;0.6155766000001677;0.6200358000000961
2229;100;3;23;23;510012;0.005474300000059884;0.7265812000000551;0.732055500000115
2229;100;4;23;23;510012;0.0043551999997362145;0.6171035000002121;0.6214586999999483
2229;100;5;23;23;510012;0.0045522999998866;0.6351150999998936;0.6396673999997802
2229;500;1;5;5;110880;0.004601699999966513;0.13448590000007243;0.13908760000003895
2229;500;2;5;5;110880;0.004425799999808078;0.13190690000010363;0.1363326999999117
2229;500;3;5;5;110880;0.004268799999863404;0.14140469999983907;0.14567349999970247
2229;500;4;5;5;110880;0.004569700000047305;0.13121399999999994;0.13578370000004725
2229;500;5;5;5;110880;0.004083700000137469;0.14008060000014666;0.14416430000028413
2229;2229;1;1;1;22176;0.004839000000174565;0.026922499999727734;0.0317614999999023
2229;2229;2;1;1;22176;0.004914699999972072;0.027647500000057335;0.032562200000029407
2229;2229;3;1;1;22176;0.0047657000000072;0.027377099999739585;0.032142799999746785
2229;2229;4;1;1;22176;0.004790399999819783;0.026795799999945302;0.031586199999765086
2229;2229;5;1;1;22176;0.004586699999890698;0.03054450000036013;0.03513120000025083
