JSON Count;Repeat;Sample;Target Index;Target File;Tree Build Time (ms);Proof Generation Time (us);Proof Verification Time (us);Proof Length;Verification Result
100;1;1;81;00819.json;0.1929;15.3;23.3;7;VALID
100;1;2;14;00159.json;0.1929;11.6;19.1;7;VALID
100;1;3;3;00049.json;0.1929;9.3;19.4;7;VALID
100;1;4;94;00952.json;0.1929;10.1;18.0;7;VALID
100;1;5;35;00337.json;0.1929;9.3;17.9;7;VALID
100;1;6;31;00292.json;0.1929;9.1;18.1;7;VALID
100;1;7;28;00273.json;0.1929;9.2;18.1;7;VALID
100;1;8;17;00170.json;0.1929;24.4;18.2;7;VALID
100;1;9;13;00155.json;0.1929;9.3;17.4;7;VALID
100;1;10;86;00864.json;0.1929;8.8;17.3;7;VALID
100;2;1;94;00952.json;0.1759;7.9;17.0;7;VALID
100;2;2;69;00680.json;0.1759;8.6;17.5;7;VALID
100;2;3;11;00128.json;0.1759;5.9;13.6;7;VALID
100;2;4;75;00749.json;0.1759;5.3;13.3;7;VALID
100;2;5;54;00517.json;0.1759;5.2;13.2;7;VALID
100;2;6;4;00072.json;0.1759;4.9;13.4;7;VALID
100;2;7;3;00049.json;0.1759;4.6;12.7;7;VALID
100;2;8;27;00261.json;0.1759;4.8;12.5;7;VALID
100;2;9;29;00282.json;0.1759;4.6;12.5;7;VALID
100;2;10;64;00623.json;0.1759;7.6;12.9;7;VALID
100;3;1;77;00782.json;0.1601;5.9;13.7;7;VALID
100;3;2;3;00049.json;0.1601;5.3;12.8;7;VALID
100;3;3;71;00706.json;0.1601;4.9;12.7;7;VALID
100;3;4;25;00256.json;0.1601;4.8;13.0;7;VALID
100;3;5;91;00902.json;0.1601;4.7;12.9;7;VALID
100;3;6;83;00829.json;0.1601;4.9;13.1;7;VALID
100;3;7;89;00883.json;0.1601;4.7;13.1;7;VALID
100;3;8;69;00680.json;0.1601;8.2;18.6;7;VALID
100;3;9;53;00510.json;0.1601;26.9;40.2;7;VALID
100;3;10;28;00273.json;0.1601;11.9;18.9;7;VALID
100;4;1;57;00572.json;0.1574;5.7;13.4;7;VALID
100;4;2;75;00749.json;0.1574;5.1;12.5;7;VALID
100;4;3;35;00337.json;0.1574;4.8;12.2;7;VALID
100;4;4;0;00003.json;0.1574;4.8;12.5;7;VALID
100;4;5;97;00973.json;0.1574;4.8;12.6;7;VALID
100;4;6;20;00230.json;0.1574;4.8;12.6;7;VALID
100;4;7;89;00883.json;0.1574;4.6;12.6;7;VALID
100;4;8;54;00517.json;0.1574;4.5;12.4;7;VALID
100;4;9;43;00397.json;0.1574;4.8;12.7;7;VALID
100;4;10;19;00229.json;0.1574;6.9;12.8;7;VALID
100;5;1;27;00261.json;0.1642;7.8;16.5;7;VALID
100;5;2;97;00973.json;0.1642;8.5;16.8;7;VALID
100;5;3;43;00397.json;0.1642;8.7;16.8;7;VALID
100;5;4;13;00155.json;0.1642;8.7;17.3;7;VALID
100;5;5;11;00128.json;0.1642;8.8;16.7;7;VALID
100;5;6;48;00499.json;0.1642;8.7;17.0;7;VALID
100;5;7;12;00142.json;0.1642;8.6;17.0;7;VALID
100;5;8;45;00475.json;0.1642;8.8;17.4;7;VALID
100;5;9;44;00468.json;0.1642;8.9;17.3;7;VALID
100;5;10;77;00782.json;0.1642;9.3;17.6;7;VALID
1000;1;1;270;02740.json;1.6167;25.0;22.8;10;VALID
1000;1;2;826;08589.json;1.6167;16.9;18.7;10;VALID
1000;1;3;44;00468.json;1.6167;15.6;18.4;10;VALID
1000;1;4;747;07813.json;1.6167;16.0;16.7;10;VALID
1000;1;5;470;04956.json;1.6167;13.4;16.6;10;VALID
1000;1;6;549;05754.json;1.6167;13.8;16.9;10;VALID
1000;1;7;127;01274.json;1.6167;13.8;16.9;10;VALID
1000;1;8;996;10188.json;1.6167;13.5;16.8;10;VALID
1000;1;9;944;09747.json;1.6167;13.2;16.7;10;VALID
1000;1;10;387;03997.json;1.6167;12.9;16.9;10;VALID
1000;2;1;80;00794.json;1.4351;17.1;18.7;10;VALID
1000;2;2;565;05981.json;1.4351;62.5;23.0;10;VALID
1000;2;3;300;03021.json;1.4351;58.8;21.7;10;VALID
1000;2;4;849;08756.json;1.4351;41.9;36.1;10;VALID
1000;2;5;643;06815.json;1.4351;20.1;21.0;10;VALID
1000;2;6;633;06665.json;1.4351;18.8;21.2;10;VALID
1000;2;7;906;09349.json;1.4351;17.0;19.9;10;VALID
1000;2;8;882;09076.json;1.4351;14.3;17.3;10;VALID
1000;2;9;370;03741.json;1.4351;14.4;16.8;10;VALID
1000;2;10;591;06300.json;1.4351;13.6;16.9;10;VALID
1000;3;1;196;01923.json;1.5445;17.3;18.5;10;VALID
1000;3;2;721;07506.json;1.5445;14.7;38.0;10;VALID
1000;3;3;71;00706.json;1.5445;24.3;32.4;10;VALID
1000;3;4;46;00487.json;1.5445;26.0;34.3;10;VALID
1000;3;5;677;07128.json;1.5445;24.8;31.8;10;VALID
1000;3;6;233;02350.json;1.5445;28.0;29.1;10;VALID
1000;3;7;791;08211.json;1.5445;57.9;45.6;10;VALID
1000;3;8;296;02958.json;1.5445;29.4;29.1;10;VALID
1000;3;9;81;00819.json;1.5445;21.4;29.6;10;VALID
1000;3;10;875;09016.json;1.5445;20.4;29.4;10;VALID
1000;4;1;238;02420.json;2.7386;27.3;30.6;10;VALID
1000;4;2;887;09141.json;2.7386;22.6;32.4;10;VALID
1000;4;3;103;01059.json;2.7386;21.9;32.0;10;VALID
1000;4;4;389;04022.json;2.7386;20.2;30.5;10;VALID
1000;4;5;284;02859.json;2.7386;24.2;32.4;10;VALID
1000;4;6;464;04898.json;2.7386;23.2;30.7;10;VALID
1000;4;7;650;06876.json;2.7386;34.0;38.4;10;VALID
1000;4;8;854;08824.json;2.7386;34.4;35.3;10;VALID
1000;4;9;373;03787.json;2.7386;28.0;35.1;10;VALID
1000;4;10;166;01719.json;2.7386;36.3;31.1;10;VALID
1000;5;1;379;03881.json;2.8141;42.9;35.7;10;VALID
1000;5;2;363;03678.json;2.8141;23.4;32.8;10;VALID
1000;5;3;214;02105.json;2.8141;21.9;33.8;10;VALID
1000;5;4;686;07191.json;2.8141;22.2;32.8;10;VALID
1000;5;5;273;02772.json;2.8141;21.2;32.1;10;VALID
1000;5;6;718;07468.json;2.8141;22.1;33.4;10;VALID
1000;5;7;959;09877.json;2.8141;22.0;32.2;10;VALID
1000;5;8;699;07277.json;2.8141;21.9;33.8;10;VALID
1000;5;9;663;06960.json;2.8141;21.7;32.9;10;VALID
1000;5;10;73;00727.json;2.8141;22.0;33.7;10;VALID
2229;1;1;700;07291.json;6.7589;108.6;52.5;12;VALID
2229;1;2;2187;23103.json;6.7589;55.9;48.3;12;VALID
2229;1;3;1002;10293.json;6.7589;48.2;39.1;12;VALID
2229;1;4;669;07017.json;6.7589;43.7;40.2;12;VALID
2229;1;5;1893;19870.json;6.7589;42.3;39.0;12;VALID
2229;1;6;1554;16135.json;6.7589;42.5;39.7;12;VALID
2229;1;7;1105;11369.json;6.7589;40.9;39.4;12;VALID
2229;1;8;899;09293.json;6.7589;223.6;41.5;12;VALID
2229;1;9;1328;13779.json;6.7589;44.5;39.9;12;VALID
2229;1;10;229;02313.json;6.7589;44.2;40.0;12;VALID
2229;2;1;938;09673.json;5.3714;63.1;30.2;12;VALID
2229;2;2;131;01320.json;5.3714;42.9;27.1;12;VALID
2229;2;3;1292;13425.json;5.3714;35.0;25.1;12;VALID
2229;2;4;1643;17081.json;5.3714;30.6;22.1;12;VALID
2229;2;5;1096;11239.json;5.3714;27.0;20.9;12;VALID
2229;2;6;271;02746.json;5.3714;40.8;25.8;12;VALID
2229;2;7;864;08927.json;5.3714;36.2;38.5;12;VALID
2229;2;8;1288;13366.json;5.3714;39.1;28.7;12;VALID
2229;2;9;870;08950.json;5.3714;37.6;56.0;12;VALID
2229;2;10;2044;21514.json;5.3714;33.2;24.6;12;VALID
2229;3;1;1620;16884.json;4.4832;151.0;42.6;12;VALID
2229;3;2;1879;19669.json;4.4832;59.0;28.1;12;VALID
2229;3;3;585;06247.json;4.4832;44.9;27.8;12;VALID
2229;3;4;1084;11102.json;4.4832;89.0;42.1;12;VALID
2229;3;5;571;06031.json;4.4832;54.9;38.0;12;VALID
2229;3;6;1010;10354.json;4.4832;49.5;36.3;12;VALID
2229;3;7;2207;23254.json;4.4832;45.9;27.7;12;VALID
2229;3;8;1076;10964.json;4.4832;39.5;27.1;12;VALID
2229;3;9;1754;18153.json;4.4832;40.6;27.0;12;VALID
2229;3;10;1635;17017.json;4.4832;37.0;27.2;12;VALID
2229;4;1;1482;15456.json;3.7373;37.0;24.7;12;VALID
2229;4;2;898;09284.json;3.7373;30.1;23.3;12;VALID
2229;4;3;566;05989.json;3.7373;47.0;27.0;12;VALID
2229;4;4;2087;22004.json;3.7373;45.8;27.4;12;VALID
2229;4;5;2021;21245.json;3.7373;53.1;26.4;12;VALID
2229;4;6;372;03775.json;3.7373;41.5;25.8;12;VALID
2229;4;7;192;01897.json;3.7373;32.6;25.7;12;VALID
2229;4;8;449;04688.json;3.7373;27.4;20.8;12;VALID
2229;4;9;626;06612.json;3.7373;27.1;20.5;12;VALID
2229;4;10;655;06917.json;3.7373;26.5;21.1;12;VALID
2229;5;1;1729;17872.json;3.3683;33.1;22.3;12;VALID
2229;5;2;260;02660.json;3.3683;27.2;20.9;12;VALID
2229;5;3;1576;16362.json;3.3683;26.4;20.6;12;VALID
2229;5;4;1563;16244.json;3.3683;26.5;21.2;12;VALID
2229;5;5;1917;20086.json;3.3683;26.5;21.0;12;VALID
2229;5;6;2167;22920.json;3.3683;27.4;20.9;12;VALID
2229;5;7;1029;10530.json;3.3683;26.7;21.0;12;VALID
2229;5;8;47;00492.json;3.3683;32.3;21.7;12;VALID
2229;5;9;469;04946.json;3.3683;44.4;26.0;12;VALID
2229;5;10;2199;23197.json;3.3683;50.8;26.2;12;VALID
