Dataset;JSON Count;Method;Repeat;Transaction Count;Total Gas Used;Blockchain Registration Time (s);Merkle Build Time (s)
ALL;2229;Old Individual Hash;1;2229;49574208;46.54050289999941;0.0
ALL;2229;Merkle Root;1;1;22140;0.02577460000247811;0.00512910000179545
ALL;2229;Old Individual Hash;2;2229;49574208;46.5293614000002;0.0
ALL;2229;Merkle Root;2;1;22140;0.02669390000301064;0.007345800000621239
ALL;2229;Old Individual Hash;3;2229;49574208;46.53899580000143;0.0
ALL;2229;Merkle Root;3;1;22140;0.02203190000000177;0.006129999997938285
ALL;2229;Old Individual Hash;4;2229;49574208;46.127783899999486;0.0
ALL;2229;Merkle Root;4;1;22140;0.021091099999466678;0.004680999998527113
ALL;2229;Old Individual Hash;5;2229;49574208;45.98028069999782;0.0
ALL;2229;Merkle Root;5;1;22140;0.021991500001604436;0.00455100000181119
